{
    "DFPS_list": [
        "Latest",
        "DFPS 1.5.5 (Beta 3)",
        "DFPS 1.5.5 (Beta 1)",
        "DFPS 1.5.4",
        "DFPS 1.3.1",
        "DFPS 1.3.0",
        "DFPS 1.2.0"
    ],
    "DFPS_dict": {
        "DFPS 1.2.0": "https://raw.githubusercontent.com/MaxLastBreath/TOTK-mods/main/scripts/Mods/DFPS/DFPS%201.2.0.zip",
        "DFPS 1.3.0": "https://raw.githubusercontent.com/MaxLastBreath/TOTK-mods/main/scripts/Mods/DFPS/DFPS%201.3.0.zip",
        "DFPS 1.3.1": "https://raw.githubusercontent.com/MaxLastBreath/TOTK-mods/main/scripts/Mods/DFPS/DFPS%201.3.1.zip",
        "DFPS 1.5.4": "https://raw.githubusercontent.com/MaxLastBreath/TOTK-mods/main/scripts/Mods/DFPS/DFPS%201.5.4.zip",
        "DFPS 1.5.5 (Beta 1)": "https://raw.githubusercontent.com/MaxLastBreath/TOTK-mods/main/scripts/Mods/DFPS/DFPS%201.5.5%20(Beta%201).zip",
        "DFPS 1.5.5 (Beta 3)": "https://raw.githubusercontent.com/MaxLastBreath/TOTK-mods/main/scripts/Mods/DFPS/DFPS%201.5.5%20(Beta%203).zip",
        "Latest": "https://raw.githubusercontent.com/MaxLastBreath/TOTK-mods/main/scripts/Mods/DFPS/DFPS%201.5.5%20(Beta%201).zip"
    }
}